{
  "total_scenarios": 18,
  "subject_distribution": {
    "machine_learning": 2,
    "python_programming": 14,
    "data_science": 1,
    "web_development": 1
  },
  "rating_stats": {
    "count": 18,
    "mean": 3.3085394585313725,
    "std": 2.8168184144676283,
    "min": 0.0,
    "max": 9.5,
    "median": 2.8120738211919063
  },
  "subject_stats": {
    "machine_learning": {
      "count": 2,
      "mean": 4.451371500876112,
      "std": 3.951371500876112,
      "min": 0.5,
      "max": 8.402743001752224,
      "median": 4.451371500876112
    },
    "python_programming": {
      "count": 14,
      "mean": 2.9529385181409182,
      "std": 2.718268382525759,
      "min": 0.0,
      "max": 9.5,
      "median": 2.409087302516979
    },
    "data_science": {
      "count": 1,
      "mean": 4.3902965295742575,
      "std": 0.0,
      "min": 4.3902965295742575,
      "max": 4.3902965295742575,
      "median": 4.3902965295742575
    },
    "web_development": {
      "count": 1,
      "mean": 4.919531468265383,
      "std": 0.0,
      "min": 4.919531468265383,
      "max": 4.919531468265383,
      "median": 4.919531468265383
    }
  },
  "rating_bins": {
    "0-1": 6,
    "1-2": 1,
    "2-3": 3,
    "3-4": 0,
    "4-5": 4,
    "5-6": 1,
    "6-7": 0,
    "7-8": 1,
    "8-9": 1,
    "9-10": 1
  }
}