{
  "total_scenarios": 18,
  "subject_distribution": {
    "python_programming": 14,
    "web_development": 1,
    "machine_learning": 2,
    "data_science": 1
  },
  "rating_stats": {
    "count": 18,
    "mean": 3.2579460090139003,
    "std": 2.7235104780614274,
    "min": 0.0,
    "max": 9.5,
    "median": 2.880028714654469
  },
  "subject_stats": {
    "python_programming": {
      "count": 14,
      "mean": 2.9645108332761794,
      "std": 2.7229027374028507,
      "min": 0.0,
      "max": 9.5,
      "median": 2.353445634900879
    },
    "web_development": {
      "count": 1,
      "mean": 3.6871632754695343,
      "std": 0.0,
      "min": 3.6871632754695343,
      "max": 3.6871632754695343,
      "median": 3.6871632754695343
    },
    "machine_learning": {
      "count": 2,
      "mean": 3.510792760057056,
      "std": 3.010792760057056,
      "min": 0.5,
      "max": 6.521585520114112,
      "median": 3.510792760057056
    },
    "data_science": {
      "count": 1,
      "mean": 6.431127700800055,
      "std": 0.0,
      "min": 6.431127700800055,
      "max": 6.431127700800055,
      "median": 6.431127700800055
    }
  },
  "rating_bins": {
    "0-1": 6,
    "1-2": 2,
    "2-3": 1,
    "3-4": 2,
    "4-5": 2,
    "5-6": 1,
    "6-7": 2,
    "7-8": 1,
    "8-9": 0,
    "9-10": 1
  }
}