{
  "timestamp": "2025-02-28T02:31:43.319034",
  "total_conversations": 38,
  "question_analysis": {
    "total_questions": 149,
    "category_counts": {
      "problem_solving": 30,
      "comparison": 32,
      "implementation": 54,
      "concept_explanation": 31
    },
    "category_percentages": {
      "problem_solving": 0.20134228187919462,
      "comparison": 0.21476510067114093,
      "implementation": 0.3624161073825503,
      "concept_explanation": 0.2080536912751678
    },
    "uncategorized_count": 2,
    "distribution_by_rating": {
      "4": {
        "concept_explanation": 0.13636363636363635,
        "implementation": 0.45454545454545453,
        "comparison": 0.22727272727272727,
        "problem_solving": 0.18181818181818182,
        "theoretical": 0.0,
        "practical": 0.0
      },
      "0": {
        "concept_explanation": 0.18421052631578946,
        "implementation": 0.3157894736842105,
        "comparison": 0.21052631578947367,
        "problem_solving": 0.23684210526315788,
        "theoretical": 0.0,
        "practical": 0.0
      },
      "1": {
        "concept_explanation": 0.08333333333333333,
        "implementation": 0.5,
        "comparison": 0.25,
        "problem_solving": 0.16666666666666666,
        "theoretical": 0.0,
        "practical": 0.0
      },
      "6": {
        "concept_explanation": 0.2,
        "implementation": 0.2,
        "comparison": 0.4,
        "problem_solving": 0.2,
        "theoretical": 0.0,
        "practical": 0.0
      },
      "8": {
        "concept_explanation": 0.25,
        "implementation": 0.5,
        "comparison": 0.125,
        "problem_solving": 0.125,
        "theoretical": 0.0,
        "practical": 0.0
      },
      "10": {
        "concept_explanation": 0.375,
        "implementation": 0.25,
        "comparison": 0.375,
        "problem_solving": 0.0,
        "theoretical": 0.0,
        "practical": 0.0
      },
      "2": {
        "concept_explanation": 0.2,
        "implementation": 0.4,
        "comparison": 0.13333333333333333,
        "problem_solving": 0.26666666666666666,
        "theoretical": 0.0,
        "practical": 0.0
      },
      "3": {
        "concept_explanation": 0.125,
        "implementation": 0.375,
        "comparison": 0.25,
        "problem_solving": 0.25,
        "theoretical": 0.0,
        "practical": 0.0
      },
      "5": {
        "concept_explanation": 0.38461538461538464,
        "implementation": 0.38461538461538464,
        "comparison": 0.07692307692307693,
        "problem_solving": 0.15384615384615385,
        "theoretical": 0.0,
        "practical": 0.0
      },
      "7": {
        "concept_explanation": 0.3333333333333333,
        "implementation": 0.16666666666666666,
        "comparison": 0.25,
        "problem_solving": 0.25,
        "theoretical": 0.0,
        "practical": 0.0
      }
    },
    "sample_questions": {
      "problem_solving": [
        "How would you handle exceptions in Python??",
        "How would you handle exceptions in Python??",
        "How would you handle exceptions in Python??",
        "How would you handle exceptions in Python??",
        "How would you handle exceptions in Python??"
      ],
      "comparison": [
        "What's the difference between a list and a dictionary in Python??",
        "What's the difference between a list and a dictionary in Python??",
        "What's the difference between a list and a dictionary in Python??",
        "What's the difference between a list and a dictionary in Python??",
        "What's the difference between a list and a dictionary in Python??"
      ],
      "implementation": [
        "How would you implement a linked list in Python??",
        "Can you write a function to calculate the Fibonacci sequence??",
        "How would you implement a linked list in Python??",
        "Can you write a function to calculate the Fibonacci sequence??",
        "Can you write a function to calculate the Fibonacci sequence??"
      ],
      "concept_explanation": [
        "Can you explain the main concepts of object-oriented programming??",
        "Can you explain the main concepts of object-oriented programming??",
        "Can you explain the main concepts of object-oriented programming??",
        "Could you explain more??",
        "Can you explain the main concepts of object-oriented programming??"
      ]
    },
    "uncategorized_samples": [
      "I think it has something to do with classes and objects??",
      "I think it has something to do with classes and objects??"
    ]
  },
  "conversation_flow": {
    "total_conversations": 38,
    "avg_conversation_length": 8.631578947368421,
    "avg_teacher_message_length": 149.87431693989072,
    "avg_tester_message_length": 152.0,
    "termination_reasons": {
      "max_exchanges": 33,
      "confidence_threshold": 5
    },
    "avg_confidence_change_per_message": 0.10664473684210526,
    "avg_confidence_slope": 0.08778947368421049,
    "accuracy_by_conversation_length": {
      "5": {
        "count": 34,
        "mean_error": 2.8777273263799152,
        "mean_confidence": 0.5
      },
      "3": {
        "count": 3,
        "mean_error": 2.3046838842260673,
        "mean_confidence": 0.65
      },
      "4": {
        "count": 1,
        "mean_error": 2.25,
        "mean_confidence": 0.5
      }
    }
  },
  "response_patterns": {
    "pattern_frequency_by_rating": {
      "4": {
        "uncertainty": 0.0,
        "technical_terms": 0.3181818181818182,
        "code_fragments": 0.0,
        "detailed_explanation": 0.0,
        "questions": 1.0,
        "examples": 0.0
      },
      "0": {
        "uncertainty": 0.0,
        "technical_terms": 0.4166666666666667,
        "code_fragments": 0.0,
        "detailed_explanation": 0.0,
        "questions": 1.0,
        "examples": 0.0
      },
      "1": {
        "uncertainty": 0.0,
        "technical_terms": 0.25,
        "code_fragments": 0.0,
        "detailed_explanation": 0.0,
        "questions": 1.0,
        "examples": 0.0
      },
      "6": {
        "uncertainty": 0.0,
        "technical_terms": 1.0,
        "code_fragments": 0.0,
        "detailed_explanation": 0.0,
        "questions": 1.0,
        "examples": 0.0
      },
      "8": {
        "uncertainty": 0.0,
        "technical_terms": 0.0,
        "code_fragments": 0.0,
        "detailed_explanation": 0.0,
        "questions": 0.8,
        "examples": 0.0
      },
      "10": {
        "uncertainty": 0.0,
        "technical_terms": 0.25,
        "code_fragments": 0.0,
        "detailed_explanation": 0.0,
        "questions": 1.0,
        "examples": 0.0
      },
      "2": {
        "uncertainty": 0.0,
        "technical_terms": 0.42857142857142855,
        "code_fragments": 0.0,
        "detailed_explanation": 0.0,
        "questions": 1.0,
        "examples": 0.0
      },
      "3": {
        "uncertainty": 0.0,
        "technical_terms": 0.25,
        "code_fragments": 0.0,
        "detailed_explanation": 0.0,
        "questions": 1.0,
        "examples": 0.0
      },
      "5": {
        "uncertainty": 0.0,
        "technical_terms": 0.4166666666666667,
        "code_fragments": 0.0,
        "detailed_explanation": 0.0,
        "questions": 1.0,
        "examples": 0.0
      },
      "7": {
        "uncertainty": 0.0,
        "technical_terms": 0.2727272727272727,
        "code_fragments": 0.0,
        "detailed_explanation": 0.0,
        "questions": 1.0,
        "examples": 0.0
      }
    },
    "response_complexity_by_rating": {
      "4": 152.5909090909091,
      "0": 155.25,
      "1": 149.58333333333334,
      "6": 160.0,
      "8": 134.8,
      "10": 152.5,
      "2": 152.71428571428572,
      "3": 152.25,
      "5": 153.25,
      "7": 152.54545454545453
    },