{
  "id": "10f32a25-0e7d-4c76-9cef-b94823730553",
  "conversation_id": "dcee59e6-ba12-4ffe-863c-915eb74e183c",
  "subject": "python_programming",
  "true_rating": 2.874147642383812,
  "predicted_rating": 5.0,
  "prediction_error": 2.125852357616188,
  "confidence": 0.5,
  "calibration_error": 0.2874147642383812,
  "conversation_length": 5,
  "features": {
    "confidence_trajectory": [
      0.2,
      0.76,
      0.55,
      0.68,
      0.35
    ],
    "terminated_reason": "max_exchanges",
    "duration_seconds": 0.030993
  }
}