{
  "id": "3a502906-34c7-40cb-a253-b7ee5eaca67e",
  "conversation_id": "8a52ce60-96d2-4e9f-b69d-deb202863d17",
  "subject": "python_programming",
  "true_rating": 4.010380462365289,
  "predicted_rating": 5.0,
  "prediction_error": 0.9896195376347112,
  "confidence": 0.5,
  "calibration_error": 0.40103804623652883,
  "conversation_length": 3,
  "features": {
    "confidence_trajectory": [
      0.2,
      0.34,
      0.8
    ],
    "terminated_reason": "confidence_threshold",
    "duration_seconds": 0.015999
  }
}