{
  "id": "4d2b6653-e789-4215-8b82-7f4ec05daadd",
  "conversation_id": "803cbc28-0aee-4615-bcc3-c75542b4d355",
  "subject": "python_programming",
  "true_rating": 1.9224479176647373,
  "predicted_rating": 5.0,
  "prediction_error": 3.077552082335263,
  "confidence": 0.5,
  "calibration_error": 0.1922447917664737,
  "conversation_length": 5,
  "features": {
    "confidence_trajectory": [
      0.2,
      0.67,
      0.57,
      0.62,
      0.46
    ],
    "terminated_reason": "max_exchanges",
    "duration_seconds": 0.027003
  }
}