{
  "id": "502e1018-e31a-4d82-bde1-8fed52819cf3",
  "conversation_id": "2de6792a-4ebf-4301-aa32-2a31cdbb45b2",
  "subject": "python_programming",
  "true_rating": 0.8160350119764254,
  "predicted_rating": 5.0,
  "prediction_error": 4.1839649880235745,
  "confidence": 0.5,
  "calibration_error": 0.08160350119764259,
  "conversation_length": 5,
  "features": {
    "confidence_trajectory": [
      0.2,
      0.65,
      0.32,
      0.67,
      0.36
    ],
    "terminated_reason": "max_exchanges",
    "duration_seconds": 0.026086
  }
}