{
  "id": "7404c26c-2aac-4b26-80d4-c1d5584a5e59",
  "conversation_id": "26e306fd-d753-48f8-9eae-b51ae21f80d1",
  "subject": "python_programming",
  "true_rating": 0.021832402226590553,
  "predicted_rating": 5.0,
  "prediction_error": 4.9781675977734094,
  "confidence": 0.5,
  "calibration_error": 0.002183240222659033,
  "conversation_length": 5,
  "features": {
    "confidence_trajectory": [
      0.2,
      0.32,
      0.4,
      0.47,
      0.62
    ],
    "terminated_reason": "max_exchanges",
    "duration_seconds": 0.029438
  }
}