{
  "id": "862e6773-a911-4a57-b3ea-80d91f6d2049",
  "conversation_id": "a207b457-5323-4dce-823b-a22fa638a78d",
  "subject": "python_programming",
  "true_rating": 3.010057429308939,
  "predicted_rating": 5.0,
  "prediction_error": 1.9899425706910612,
  "confidence": 0.5,
  "calibration_error": 0.3010057429308939,
  "conversation_length": 5,
  "features": {
    "confidence_trajectory": [
      0.2,
      0.37,
      0.64,
      0.35,
      0.67
    ],
    "terminated_reason": "max_exchanges",
    "duration_seconds": 0.026967
  }
}