{
  "id": "9fddac31-1a78-4ba5-8339-177a9990eb7e",
  "conversation_id": "f06ff3b3-f161-493d-bc7f-3d3611e97c07",
  "subject": "python_programming",
  "true_rating": 0.5718746495655536,
  "predicted_rating": 5.0,
  "prediction_error": 4.428125350434446,
  "confidence": 0.5,
  "calibration_error": 0.057187464956555356,
  "conversation_length": 5,
  "features": {
    "confidence_trajectory": [
      0.2,
      0.5,
      0.4,
      0.58,
      0.33
    ],
    "terminated_reason": "max_exchanges",
    "duration_seconds": 0.025001
  }
}