{
  "id": "a81c2f81-e049-40b0-9e51-be221547770e",
  "conversation_id": "8c51c28d-23b1-475f-82f8-7f924ac31fca",
  "subject": "python_programming",
  "true_rating": 0.4925076132607818,
  "predicted_rating": 5.0,
  "prediction_error": 4.5074923867392185,
  "confidence": 0.5,
  "calibration_error": 0.049250761326078196,
  "conversation_length": 5,
  "features": {
    "confidence_trajectory": [
      0.2,
      0.54,
      0.75,
      0.32,
      0.4
    ],
    "terminated_reason": "max_exchanges",
    "duration_seconds": 0.027003
  }
}