{
  "id": "b8ff31f3-8636-49cc-8833-34ec29c2b5e5",
  "conversation_id": "f640b55f-b1fa-40ca-8e61-e5b90467fc05",
  "subject": "python_programming",
  "true_rating": 2.068174605033958,
  "predicted_rating": 5.0,
  "prediction_error": 2.931825394966042,
  "confidence": 0.5,
  "calibration_error": 0.20681746050339578,
  "conversation_length": 3,
  "features": {
    "confidence_trajectory": [
      0.2,
      0.66,
      0.8
    ],
    "terminated_reason": "confidence_threshold",
    "duration_seconds": 0.018997
  }
}