{
  "id": "d105c8f8-5e92-4432-944c-b6b610ea0980",
  "conversation_id": "40ff3697-dd82-4ed8-831b-d7fe4489dbc0",
  "subject": "python_programming",
  "true_rating": 4.034994709220829,
  "predicted_rating": 5.0,
  "prediction_error": 0.9650052907791711,
  "confidence": 0.5,
  "calibration_error": 0.40349947092208294,
  "conversation_length": 5,
  "features": {
    "confidence_trajectory": [
      0.2,
      0.51,
      0.6,
      0.51,
      0.52
    ],
    "terminated_reason": "max_exchanges",
    "duration_seconds": 0.029001
  }
}