{
  "id": "dd4ad9cf-7a83-47ab-9f2b-e2a2b0953f3c",
  "conversation_id": "457c70b6-a2f3-4546-8029-5e62cb27f6fc",
  "subject": "machine_learning",
  "true_rating": 8.402743001752224,
  "predicted_rating": 5.0,
  "prediction_error": 3.402743001752224,
  "confidence": 0.5,
  "calibration_error": 0.15972569982477758,
  "conversation_length": 5,
  "features": {
    "confidence_trajectory": [
      0.2,
      0.51,
      0.39,
      0.35,
      0.38
    ],
    "terminated_reason": "max_exchanges",
    "duration_seconds": 0.031003
  }
}