{
  "id": "f1aa5e30-b7ed-46c6-b2fc-44b7b2f05c21",
  "conversation_id": "699c159d-3c51-45ea-849e-695da81aab12",
  "subject": "python_programming",
  "true_rating": 0.8723301067910817,
  "predicted_rating": 5.0,
  "prediction_error": 4.127669893208918,
  "confidence": 0.5,
  "calibration_error": 0.08723301067910816,
  "conversation_length": 5,
  "features": {
    "confidence_trajectory": [
      0.2,
      0.78,
      0.62,
      0.7,
      0.64
    ],
    "terminated_reason": "max_exchanges",
    "duration_seconds": 0.012593
  }
}